Page,Left,Top,Width,Content
1,446,111,4,
1,446,145,4,
1,680,263,4,
1,446,293,4,
1,446,326,4,
1,446,360,4,
1,234,398,434,Mi TECHNOVATION BERHAD
1,144,443,611,(FORMERLY KNOWN AS MI EQUIPMENT HOLDINGS BERHAD)
1,326,474,245,(Company No. 1235827 – D)
1,334,501,230,(Incorporated in Malaysia)
1,446,530,5,
1,446,560,4,
1,446,584,4,
1,273,610,361,INTERIM FINANCIAL REPORT
1,249,646,402,FOR THE FIRST QUARTER ENDED
1,347,683,206,31 MARCH 2019
1,446,721,8,
1,446,765,8,
1,446,812,8,
1,446,860,8,
1,446,907,8,
1,446,955,8,
1,446,1002,8,
1,446,1049,8,
1,108,1078,8,
1,154,1093,4,
1,370,1093,4,
1,711,1173,78,0 | P a g e
1,108,1193,4,
2,108,56,195,Mi TECHNOVATION BERHAD
2,108,76,591,(FORMERLY KNOWN AS MI EQUIPMENT HOLDINGS BERHAD)
2,108,94,157,(Company No. 1235827 – D)
2,108,111,148,(Incorporated in Malaysia)
2,108,128,453,INTERIM REPORT FOR THE FIRST QUARTER ENDED 31 MARCH 2019
2,108,148,4,
2,776,166,12,(1)
2,108,168,668,Unaudited Condensed Consolidated Statement of Profit or Loss and Other Comprehensive Income
2,788,168,4,
2,108,190,4,
2,108,214,4,
2,777,845,4,
2,108,863,4,
2,108,886,39,Notes:
2,108,904,3,
2,116,922,18,(1)
2,151,922,629,The Unaudited Condensed Consolidated Statement of Profit or Loss and Other Comprehensive Income should be
2,151,938,629,read in conjunction with the Group’s audited financial statements for the financial year ended 31 December 2018
2,151,955,451,and the accompanying explanatory notes attached to the interim financial report.
2,116,971,18,(2)
2,151,971,550,Based on weighted average number of ordinary shares outstanding during the period under review.
2,711,1173,24,1 |
2,734,1173,46,P a g e
2,785,1173,4,
2,108,1193,4,
3,108,56,195,Mi TECHNOVATION BERHAD
3,108,76,591,(FORMERLY KNOWN AS MI EQUIPMENT HOLDINGS BERHAD)
3,108,94,157,(Company No. 1235827 – D)
3,108,111,148,(Incorporated in Malaysia)
3,108,128,453,INTERIM REPORT FOR THE FIRST QUARTER ENDED 31 MARCH 2019
3,108,148,4,
3,575,166,14,(1)
3,108,168,467,Unaudited Condensed Consolidated Statement of Financial Position
3,108,188,4,
3,718,1049,4,
3,108,1067,3,
3,108,1084,34,Note:
3,116,1102,18,(1)
3,151,1102,629,The Unaudited Condensed Consolidated Statement of Financial Position should be read in conjunction with the
3,151,1119,629,Group’s  audited  financial  statements  for  the  financial  year  ended  31  December  2018  and  the  accompanying
3,151,1135,323,explanatory notes attached to the interim financial report.
3,711,1173,24,2 |
3,734,1173,46,P a g e
3,785,1173,4,
3,108,1193,4,
4,108,56,448,Mi TECHNOVATION BERHAD
4,108,76,370,(FORMERLY KNOWN AS MI EQUIPMENT HOLDINGS BERHAD)
4,478,77,3,
4,108,94,157,(Company No. 1235827 – D)
4,108,111,148,(Incorporated in Malaysia)
4,108,128,453,INTERIM REPORT FOR THE FIRST QUARTER ENDED 31 MARCH 2019
4,108,148,1047,_______________________________________________________________________________________________________________________________
4,576,166,14,(1)
4,108,168,468,Unaudited Condensed Consolidated Statement of Changes in Equity
4,108,188,2,
4,1086,600,3,
4,108,617,4,
4,108,640,34,Note:
4,108,657,19,(1)
4,148,657,990,The Unaudited Condensed Consolidated Statement of Changes in Equity should be read in conjunction with the Group’s audited financial statements for the financial year ended 31
4,148,675,541,December 2018 and the accompanying explanatory notes attached to the interim financial report.
4,1081,803,78,3 | P a g e
4,108,823,4,
5,108,56,195,Mi TECHNOVATION BERHAD
5,478,75,257,
5,108,76,370,(FORMERLY KNOWN AS MI EQUIPMENT HOLDINGS BERHAD)
5,108,94,157,(Company No. 1235827 – D)
5,108,111,148,(Incorporated in Malaysia)
5,108,128,453,INTERIM REPORT FOR THE FIRST QUARTER ENDED 31 MARCH 2019
5,108,148,4,
5,530,166,14,(1)
5,108,168,422,Unaudited Condensed Consolidated Statement of Cash Flows
5,108,189,7,
5,514,211,103,3 months ended
5,662,211,103,3 months ended
5,526,232,80,31‐Mar‐2019
5,674,232,80,31‐Mar‐2018
5,540,252,51,RM '000
5,688,252,51,RM '000
5,111,273,273,CASH FLOWS FROM OPERATING ACTIVITIES
5,111,314,104,Profit before tax
5,517,314,65,
5,580,314,34,"6,895"
5,667,314,65,
5,728,314,33,"6,694"
5,111,355,107,Adjustments for:
5,142,376,298,"Depreciation of property, plant and equipment"
5,517,376,77,
5,592,376,22,545
5,666,376,77,
5,740,376,22,537
5,142,396,254,Provision for warranty replacement cost
5,517,396,77,
5,592,396,22,503
5,666,396,77,
5,740,396,22,624
5,142,417,328,Reversal of provision for warranty replacement cost
5,517,417,71,
5,587,417,31,(516)
5,667,417,71,
5,734,417,31,(456)
5,142,437,107,Interest expense
5,517,437,84,
5,599,437,15,63
5,667,437,84,
5,747,437,15,51
5,142,458,100,Interest income
5,517,458,62,
5,575,458,43,"(1,219)"
5,665,458,81,
5,742,458,24,(78)
5,142,478,319,"Gain on disposal of property, plant and equipment"
5,517,478,81,
5,594,478,24,(85)
5,667,478,93,
5,756,478,5,‐
5,142,499,268,"Property, plant and equipment written off"
5,517,499,93,
5,606,499,8,7
5,667,499,93,
5,756,499,5,‐
5,142,519,228,Unrealised loss on foreign exchange
5,517,519,77,
5,592,519,22,702
5,667,519,65,
5,728,519,33,"2,219"
5,111,540,318,Operating profit before changes in working capital
5,517,540,65,
5,580,540,34,"6,895"
5,665,540,65,
5,728,540,33,"9,591"
5,142,581,220,Decrease/(Increase) in inventories
5,517,581,65,
5,580,581,34,"1,258"
5,665,581,62,
5,723,581,43,"(5,036)"
5,142,602,321,Decrease/(Increase) in trade and other receivables
5,517,602,65,
5,580,602,34,"7,624"
5,665,602,62,
5,723,602,43,"(6,566)"
5,142,622,235,Decrease in trade and other payables
5,517,622,53,
5,568,622,50,"(15,415)"
5,665,622,62,
5,723,622,43,"(1,478)"
5,142,643,89,Warranty paid
5,517,643,81,
5,594,643,24,(79)
5,665,643,81,
5,742,643,24,(79)
5,111,684,267,Cash generated from/(used in) operations
5,517,684,77,
5,592,684,22,283
5,665,684,62,
5,723,684,43,"(3,568)"
5,111,725,52,Tax paid
5,517,725,81,
5,594,725,24,(72)
5,667,725,71,
5,734,725,31,(148)
5,111,745,276,Net cash from/(used in) operating activities
5,517,745,77,
5,592,745,22,211
5,665,745,62,
5,723,745,43,"(3,716)"
5,111,786,268,CASH FLOWS FROM INVESTING ACTIVITIES
5,111,828,109,Interest received
5,517,828,65,
5,580,828,34,"1,219"
5,665,828,84,
5,747,828,15,78
5,111,848,364,"Proceeds from disposal of property, plant and equipment"
5,517,848,77,
5,592,848,22,156
5,667,848,93,
5,756,848,5,‐
5,111,869,273,"Purchase of property, plant and equipment"
5,517,869,53,
5,568,869,50,"(14,550)"
5,665,869,62,
5,723,869,43,"(1,553)"
5,111,889,226,Net cash used in investing activities
5,517,889,53,
5,568,889,50,"(13,175)"
5,665,889,62,
5,723,889,43,"(1,475)"
5,769,900,4,
5,108,918,4,
5,108,942,4,
5,108,965,4,
5,108,987,4,
5,108,1011,4,
5,108,1035,4,
5,108,1058,4,
5,324,1058,4,
5,711,1173,78,4 | P a g e
5,108,1193,4,
6,108,56,195,Mi TECHNOVATION BERHAD
6,108,76,591,(FORMERLY KNOWN AS MI EQUIPMENT HOLDINGS BERHAD)
6,108,94,157,(Company No. 1235827 – D)
6,108,111,148,(Incorporated in Malaysia)
6,108,128,453,INTERIM REPORT FOR THE FIRST QUARTER ENDED 31 MARCH 2019
6,108,148,4,
6,530,166,12,(1)
6,108,168,422,Unaudited Condensed Consolidated Statement of Cash Flows
6,542,168,63,(Cont’d)
6,108,189,3,
6,513,211,103,3 months ended
6,660,211,102,3 months ended
6,525,232,80,31‐Mar‐2019
6,673,232,80,31‐Mar‐2018
6,539,252,51,RM '000
6,687,252,51,RM '000
6,111,273,272,CASH FLOWS FROM FINANCING ACTIVITIES
6,111,312,81,Interest paid
6,516,312,80,
6,593,312,24,(70)
6,663,312,80,
6,740,312,24,(51)
6,111,332,154,Repayment of term loan
6,516,332,71,
6,585,332,31,(662)
6,665,332,93,
6,755,332,5,‐
6,111,353,158,Drawndown of term loan
6,516,353,93,
6,607,353,5,‐
6,665,353,65,
6,727,353,33,"8,243"
6,111,373,272,Net cash (used in)/from financing activities
6,516,373,71,
6,585,373,31,(732)
6,663,373,65,
6,727,373,33,"8,192"
6,111,412,335,Net (decrease)/increase in cash and cash equivalents
6,516,412,53,
6,567,412,50,"(13,696)"
6,663,412,65,
6,727,412,33,"3,001"
6,111,451,255,Effect of foreign exchange rates changes
6,516,451,80,
6,593,451,24,(82)
6,663,451,62,
6,722,451,43,"(1,315)"
6,111,490,366,Cash and cash equivalents at beginning of financial period
6,516,490,53,
6,565,490,48,"201,303"
6,664,490,59,
6,720,490,41,"50,582"
6,111,528,327,Cash and cash equivalents at end of financial period
6,516,528,53,
6,565,528,48,"187,525"
6,663,528,59,
6,720,528,41,"52,268"
6,111,580,379,Cash and cash equivalents at the end of the financial period
6,111,601,69,comprises:
6,111,621,148,Cash and bank balances
6,516,621,59,
6,572,621,41,"81,458"
6,664,621,59,
6,720,621,41,"44,341"
6,111,642,100,Short term fund
6,516,642,53,
6,565,642,48,"106,067"
6,665,642,65,
6,727,642,33,"7,927"
6,111,662,187,Deposits with a licensed bank
6,516,662,65,
6,579,662,33,"2,079"
6,665,662,65,
6,727,662,33,"1,952"
6,516,683,53,
6,565,683,48,"189,604"
6,663,683,59,
6,720,683,41,"54,220"
6,111,703,261,Less: Deposits pledged to a licensed bank
6,516,703,62,
6,574,703,43,"(2,079)"
6,663,703,62,
6,722,703,43,"(1,952)"
6,516,724,53,
6,565,724,48,"187,525"
6,663,724,59,
6,720,724,41,"52,268"
6,111,787,301,RECONCILIATION OF LIABILITIES ARISING FROM
6,111,808,152,FINANCING ACTIVITIES :
6,575,808,125,Term loan ‐ secured
6,550,835,29,2019
6,697,835,29,2018
6,539,854,51,RM '000
6,687,854,51,RM '000
6,111,874,74,As at 01‐Jan
6,517,874,65,
6,579,874,33,"6,753"
6,665,874,93,
6,755,874,5,‐
6,111,895,72,Cash flows:
6,123,915,149,Drawdown of term loan
6,516,915,93,
6,607,915,5,‐
6,665,915,65,
6,727,915,33,"8,243"
6,123,936,153,Repayment of term loan
6,516,936,71,
6,585,936,31,(662)
6,665,936,93,
6,755,936,5,‐
6,111,956,101,Non‐cash flows:
6,123,977,165,Effect of foreign exchange
6,516,977,80,
6,593,977,24,(72)
6,663,977,80,
6,740,977,24,(92)
6,111,997,78,As at 31‐Mar
6,516,997,65,
6,579,997,33,"6,019"
6,663,997,65,
6,727,997,33,"8,151"
6,768,1009,4,
6,108,1027,3,
6,108,1045,39,Notes:
6,108,1063,3,
6,108,1081,19,(1)
6,149,1081,640,The Unaudited Condensed Consolidated Statement of Cash Flows should be read in conjunction with the Group’s
6,149,1098,640,audited financial statements for the financial year ended 31 December 2018 and the accompanying explanatory notes
6,148,1116,221,attached to the interim financial report.
6,108,1135,4,
6,324,1135,4,
6,711,1173,24,5 |
6,734,1173,46,P a g e
6,785,1173,4,
6,108,1193,4,
7,108,56,195,Mi TECHNOVATION BERHAD
7,108,76,591,(FORMERLY KNOWN AS MI EQUIPMENT HOLDINGS BERHAD)
7,108,94,157,(Company No. 1235827 – D)
7,108,111,148,(Incorporated in Malaysia)
7,108,128,453,INTERIM REPORT FOR THE FIRST QUARTER ENDED 31 MARCH 2019
7,108,148,4,
7,115,168,626,"PART A:  EXPLANATORY NOTES PURSUANT TO MFRS 134, INTERIM FINANCIAL REPORTING"
7,115,190,4,
7,116,211,26,A1.
7,163,211,141,Basis of Preparation
7,163,232,4,
7,163,252,622,The interim financial report of the Group is unaudited and has been prepared in accordance
7,163,272,622,"with  Malaysian  Financial  Reporting  Standard  (“MFRS”)  134,  Interim  Financial  Reporting"
7,163,292,622,issued by the Malaysian Accounting Standards Board (“MASB”) and paragraph 9.22 of the
7,163,312,622,Main Market Listing Requirements of Bursa Malaysia Securities Berhad (“Bursa Malaysia”)
7,163,332,176,(“Listing Requirements”).
7,163,353,4,
7,163,373,622,This interim financial report should be read in conjunction with the Group’s audited financial
7,163,393,622,statements  for  the  financial  year  ended  31  December  2018  and  the  accompanying
7,163,413,397,explanatory notes attached to this interim financial report.
7,163,433,4,
7,116,453,26,A2.
7,163,453,211,Significant Accounting Policies
7,116,473,4,
7,163,473,4,
7,163,493,622,The accounting policies adopted by the Group in the interim financial report are consistent
7,163,514,622,with  those  adopted  in  the  audited  financial  statements  for  the  financial  year  ended  31
7,163,534,622,"December  2018,  except  for  the  adoption  of  the  following  new  and  revised  MFRSs,"
7,163,554,315,Amendments to MFRSs and IC interpretations.
7,163,574,4,
7,163,594,343,a)  New MFRSs adopted during the financial year
7,190,614,4,
7,190,634,595,"On 1 January 2019, the Group adopted the following Amendments to the Standards that"
7,190,655,484,are mandatory for annual periods beginning on or after 1 January 2019.
7,190,675,4,
7,198,696,34,Title
7,677,696,100,Effective Date
7,198,717,110,MFRS 16 Leases
7,672,717,105,1 January 2019
7,198,737,416,IC Interpretation 23 Uncertainty over Income Tax Treatments
7,672,737,105,1 January 2019
7,198,758,418,Amendments to MFRS 9 Prepayment Features with Negative
7,773,758,4,
7,198,778,100,Compensation
7,672,778,105,1 January 2019
7,198,799,418,Amendments to MFRS 128 Long‐term Interests in Associates
7,773,799,4,
7,198,820,128,and Joint Ventures
7,672,820,105,1 January 2019
7,198,840,418,Amendments  to  MFRS  3  Annual  Improvements  to  MFRS
7,773,840,4,
7,198,861,193,Standards 2015 ‐ 2017 Cycle
7,672,861,105,1 January 2019
7,198,881,418,Amendments  to  MFRS  11  Annual  Improvements  to  MFRS
7,773,881,4,
7,198,902,193,Standards 2015 ‐ 2017 Cycle
7,672,902,105,1 January 2019
7,198,922,418,Amendments  to  MFRS  112  Annual  Improvements  to  MFRS
7,773,922,4,
7,198,943,193,Standards 2015 ‐ 2017 Cycle
7,672,943,105,1 January 2019
7,198,964,418,Amendments  to  MFRS  123  Annual  Improvements  to  MFRS
7,773,964,4,
7,198,984,193,Standards 2015 ‐ 2017 Cycle
7,672,984,105,1 January 2019
7,198,1005,418,"Amendments to MFRS 119 Plan Amendment, Curtailment or"
7,773,1005,4,
7,198,1025,77,Settlement
7,672,1025,105,1 January 2019
7,163,1042,0,
7,162,1046,4,
7,189,1079,600,Adoption  of  the  above  Standards  did  not  have  any  material  effect  on  the  financial
7,189,1101,261,performance or position of the Group.
7,162,1135,4,
7,711,1173,24,6 |
7,734,1173,46,P a g e
7,785,1173,4,
7,108,1193,4,
8,108,56,195,Mi TECHNOVATION BERHAD
8,108,76,591,(FORMERLY KNOWN AS MI EQUIPMENT HOLDINGS BERHAD)
8,108,94,157,(Company No. 1235827 – D)
8,108,111,148,(Incorporated in Malaysia)
8,108,128,453,INTERIM REPORT FOR THE FIRST QUARTER ENDED 31 MARCH 2019
8,108,148,4,
8,108,168,626,"PART A:  EXPLANATORY NOTES PURSUANT TO MFRS 134, INTERIM FINANCIAL REPORTING"
8,780,168,4,
8,734,170,46,(Cont’d)
8,108,190,4,
8,112,213,26,A2.
8,174,213,270,Significant Accounting Policies (Cont’d)
8,116,234,4,
8,174,234,4,
8,116,254,4,
8,174,254,622,"b)  New MFRSs that have been issued, but only effective for annual periods beginning on"
8,116,274,4,
8,201,274,165,or after 1 January 2020
8,116,294,4,
8,174,294,4,
8,116,314,4,
8,201,314,595,The following are Standards of the MFRS Framework that have been issued by the MASB
8,116,334,4,
8,201,334,323,but have not been early adopted by the Group.
8,116,354,4,
8,174,354,4,
8,116,375,4,
8,209,375,34,Title
8,688,375,100,Effective Date
8,116,395,4,
8,209,396,446,Amendments to References to the Conceptual Framework in MRFS
8,783,396,4,
8,116,415,4,
8,209,416,71,Standards
8,683,416,105,1 January 2020
8,116,435,4,
8,209,437,325,Amendments to MFRS 3 Definition of a Business
8,683,437,105,1 January 2020
8,116,455,4,
8,209,458,430,Amendments to MFRS 101 and MFRS 108 Definition of Material
8,683,458,105,1 January 2020
8,116,475,4,
8,209,479,199,MFRS 17 Insurance Contracts
8,683,479,105,1 January 2021
8,116,495,4,
8,209,500,428,Amendments to MFRS 10 and MFRS 128 Sale or Contribution of
8,783,500,4,
8,116,516,4,
8,209,520,412,Assets between an Investor and its Associate or Joint Venture
8,723,520,64,Deferred
8,116,536,4,
8,174,541,4,
8,116,556,4,
8,174,561,622,The Group is in the process of assessing the impact of implementing these Standards and
8,116,576,4,
8,174,581,622,"Amendments  to  the  Standards,  since  the  effects  would  only  be  observable  for  the  future"
8,174,601,108,financial years.
8,174,622,4,
8,116,642,26,A3.
8,174,642,117,Auditors’ Report
8,174,662,4,
8,174,682,622,There was no qualification on the audited financial statements of the Group for the financial
8,174,702,214,year ended 31 December 2018.
8,174,722,4,
8,116,742,26,A4.
8,174,742,191,Seasonal or Cyclical Factors
8,174,763,4,
8,174,783,622,The  business  operation  of  the  Group  is  subject  to  the  cyclical  trend  of  the  global
8,174,803,276,semiconductor and electronics industry.
8,174,823,4,
8,116,843,26,A5.
8,174,843,168,Material Unusual Items
8,174,863,4,
8,174,883,622,"There were no unusual items affecting the assets, liabilities, equity, net income or cash flows"
8,174,904,367,of the Group during the current quarter under review.
8,174,924,4,
8,116,944,26,A6.
8,174,944,210,Material Changes in Estimates
8,174,964,4,
8,174,984,622,There were no changes in estimates that have a material effect in the current quarter under
8,174,1004,53,review.
8,174,1024,4,
8,116,1045,26,A7.
8,175,1045,184,Debt and Equity Securities
8,175,1065,4,
8,175,1085,631,"There were no issuance, cancellation, repurchase, resale and repayment of debts and equity"
8,175,1105,349,securities during the current quarter under review.
8,108,1125,4,
8,324,1125,4,
8,711,1173,24,7 |
8,734,1173,46,P a g e
8,785,1173,4,
8,108,1193,4,
9,108,56,195,Mi TECHNOVATION BERHAD
9,108,76,591,(FORMERLY KNOWN AS MI EQUIPMENT HOLDINGS BERHAD)
9,108,94,157,(Company No. 1235827 – D)
9,108,111,148,(Incorporated in Malaysia)
9,108,128,453,INTERIM REPORT FOR THE FIRST QUARTER ENDED 31 MARCH 2019
9,108,148,4,
9,105,168,58,PART A:
9,180,168,559,"EXPLANATORY NOTES PURSUANT TO MFRS 134, INTERIM FINANCIAL REPORTING"
9,739,170,47,(cont’d)
9,105,188,4,
9,105,208,26,A8.
9,163,208,105,Dividends Paid
9,163,228,4,
9,163,249,332,No dividend was paid during the current quarter.
9,163,269,4,
9,105,289,26,A9.
9,163,289,147,Segmental Reporting
9,163,309,4,
9,163,329,626,"The Group is principally involved in design, development, manufacture and sale of wafer level"
9,163,349,626,chip scale packaging (“WLCSP”) sorting machines with inspection and testing capabilities for
9,163,369,626,the  semiconductor  industry.  The  Group  is  also  involved  in  the  provision  of  maintenance
9,163,390,626,"services and technical support for these machines, as well as the sale of related spare parts"
9,163,410,121,and components.
9,163,430,4,
9,163,450,628,Management monitors the operating results of its business units for the purpose of making
9,163,470,628,decisions about resource allocation and performance assessment. As the operating segment
9,163,490,628,on  spare  parts  and  services  do  not  meet  any  of  the  quantitative  thresholds  pursuant  to
9,163,510,628,"paragraph  13  of  MFRS  8  Operating  Segments,  thus,  are  not  considered  as  reportable"
9,163,531,552,"segments. As such, segment information is not reported and disclosed separately."
9,163,551,4,
9,105,571,35,A10.
9,163,571,373,Material Events Subsequent to the end of the Quarter
9,105,591,4,
9,163,591,4,
9,105,611,4,
9,163,611,626,There were no material events subsequent to the end of the current quarter under review
9,105,631,4,
9,163,631,401,that have not been reflected in the interim financial report.
9,105,651,4,
9,105,672,35,A11.
9,163,672,286,Changes in the Composition of the Group
9,105,692,4,
9,163,692,4,
9,105,712,4,
9,163,712,626,"On  28  January  2019,  the  Company  announced  the  incorporation  of  a  new  wholly‐owned"
9,105,732,4,
9,163,732,626,"subsidiary,  Mi  Sales  &  Services  (S)  Pte.  Ltd.  (“MI‐SS”)  via  its  wholly‐owned  subsidiary,  Mi"
9,105,752,4,
9,163,752,626,"International Pte. Ltd., with an issued and paid‐up share capital of SGD2.00. The purpose of"
9,163,772,626,incorporating  MI‐SS  is  to  set‐up  a  platform  to  undertake  sales  and  services  activities  in
9,163,792,626,Singapore. Mi International Pte. Ltd. will be the holding company to all overseas subsidiaries.
9,163,813,4,
9,163,833,626,"Save for the above, there were no other changes in the composition of the Group during the"
9,163,853,601,current quarter under review that have not been reflected in the interim financial report.
9,163,873,4,
9,105,893,35,A12.
9,164,893,305,Contingent Liabilities and Contingent Assets
9,105,913,4,
9,164,913,4,
9,105,933,4,
9,164,933,635,There were no material contingent liabilities or contingent assets to be disclosed as at the date
9,105,954,4,
9,164,954,209,of this interim financial report.
9,105,974,4,
9,108,994,4,
9,324,994,4,
9,711,1173,24,8 |
9,734,1173,46,P a g e
9,785,1173,4,
9,108,1193,4,
10,108,56,195,Mi TECHNOVATION BERHAD
10,108,76,591,(FORMERLY KNOWN AS MI EQUIPMENT HOLDINGS BERHAD)
10,108,94,157,(Company No. 1235827 – D)
10,108,111,148,(Incorporated in Malaysia)
10,108,128,453,INTERIM REPORT FOR THE FIRST QUARTER ENDED 31 MARCH 2019
10,108,148,4,
10,105,168,58,PART A:
10,184,168,559,"EXPLANATORY NOTES PURSUANT TO MFRS 134, INTERIM FINANCIAL REPORTING"
10,786,168,4,
10,742,170,44,(cont’d)
10,184,188,4,
10,105,208,35,A13.
10,163,208,208,Material Capital Commitment
10,163,228,4,
10,163,249,626,"Save as disclosed below, as at 31 March 2019, the Group does not have any material capital"
10,163,269,95,commitment:
10,163,289,4,
10,667,460,4,
10,105,476,4,
10,163,476,4,
10,105,496,35,A14.
10,163,496,262,Significant Related Party Transactions
10,163,516,4,
10,163,536,626,There were no significant related party transactions during the current quarter under review.
10,105,556,4,
10,163,556,4,
10,105,576,35,A15.
10,163,576,223,Fair Value of Financial Liabilities
10,163,596,4,
10,163,616,626,There were no gains or losses arising from fair value changes of the Group’s financial liabilities
10,163,637,254,for the current quarter under review.
10,108,657,4,
10,324,657,4,
10,711,1173,24,9 |
10,734,1173,46,P a g e
10,785,1173,4,
10,108,1193,4,
11,108,56,195,Mi TECHNOVATION BERHAD
11,108,76,591,(FORMERLY KNOWN AS MI EQUIPMENT HOLDINGS BERHAD)
11,108,94,157,(Company No. 1235827 – D)
11,108,111,148,(Incorporated in Malaysia)
11,108,128,453,INTERIM REPORT FOR THE FIRST QUARTER ENDED 31 MARCH 2019
11,108,148,4,
11,116,168,57,PART B:
11,190,168,573,EXPLANATORY NOTES PURSUANT TO APPENDIX 9B OF THE LISTING REQUIREMENTS
11,764,170,3,
11,108,188,4,
11,116,210,26,B1.
11,159,210,164,Review of Performance
11,159,230,4,
11,340,252,239,INDIVIDUAL/CUMULATIVE QUARTER
11,407,273,106,3 months ended
11,318,295,82,31‐Mar‐2019
11,416,295,82,31‐Mar‐2018
11,531,295,55,Changes
11,334,316,49,RM'000
11,432,316,49,RM'000
11,514,316,49,RM'000
11,584,316,12,%
11,158,358,58,Revenue
11,317,358,45,
11,358,358,42,"29,483"
11,415,358,45,
11,457,358,42,"33,435"
11,515,358,10,
11,523,358,44,"(3,952)"
11,575,358,32,‐12%
11,158,379,108,Profit before tax
11,317,379,51,
11,365,379,35,"6,895"
11,416,379,51,
11,464,379,35,"6,694"
11,514,379,29,
11,540,379,23,201
11,581,379,19,3%
11,611,384,4,
11,108,401,4,
11,162,403,4,
11,150,424,496,Comparison with the corresponding quarter in the previous financial year
11,148,446,626,"The Group's revenue for the current quarter was RM29.48 million, representing a decrease of"
11,148,468,630,12% as compared to RM33.44 million generated in the corresponding quarter of previous year.
11,148,489,626,The decrease was mainly due to softer demand from customers as a result of slowdown in
11,148,511,154,semiconductor sector.
11,162,533,4,
11,148,555,626,"Profit before tax (“PBT”) of the Group for the current quarter was RM6.89 million, compared"
11,148,576,626,to the corresponding quarter in the previous year of RM6.69 million. The slight increase of 3%
11,148,598,626,in PBT was mainly due to the weakening of Ringgit Malaysia against US Dollar resulted in lesser
11,148,620,367,foreign exchange loss recorded in the current quarter.
11,162,642,4,
11,107,663,369,B2.     Comparison with Immediate Preceding Quarter
11,107,685,4,
11,327,707,143,INDIVIDUAL QUARTER
11,345,728,105,3 months ended
11,309,749,82,31‐Mar‐2019
11,407,749,80,31‐Dec‐2018
11,520,749,55,Changes
11,324,770,49,RM'000
11,422,770,49,RM'000
11,503,770,49,RM'000
11,572,770,11,%
11,151,812,57,Revenue
11,308,812,45,
11,349,812,42,"29,483"
11,405,812,45,
11,446,812,42,"31,058"
11,503,812,10,
11,512,812,44,"(1,575)"
11,571,812,24,‐5%
11,151,833,107,Profit before tax
11,308,833,51,
11,356,833,34,"6,895"
11,405,833,51,
11,454,833,34,"7,119"
11,503,833,22,
11,523,833,32,(224)
11,571,833,24,‐3%
11,151,854,72,PBT Margin
11,369,854,26,23%
11,466,854,26,23%
11,599,859,4,
11,148,888,626,The Group posted a revenue of RM29.48 million and PBT of RM6.89 million for the current
11,148,910,626,"quarter under review, compared to RM31.06 million and RM7.12 million for the immediate"
11,148,932,564,preceding quarter. Both revenue and PBT have dropped by 5% and 3% respectively.
11,148,953,4,
11,148,975,626,The Group’s sales revenue and PBT in the current quarter have dropped as a consequence of
11,148,997,626,"the continuing slowdown in the semiconductor industry. However, the drop in PBT was at a"
11,148,1019,363,"lesser extent, sheltered by some operational savings."
11,162,1040,4,
11,162,1062,4,
11,162,1084,4,
11,108,1105,4,
11,324,1105,4,
11,703,1173,32,10 |
11,734,1173,46,P a g e
11,785,1173,4,
11,108,1193,4,
12,108,56,195,Mi TECHNOVATION BERHAD
12,108,76,591,(FORMERLY KNOWN AS MI EQUIPMENT HOLDINGS BERHAD)
12,108,94,157,(Company No. 1235827 – D)
12,108,111,148,(Incorporated in Malaysia)
12,108,128,453,INTERIM REPORT FOR THE FIRST QUARTER ENDED 31 MARCH 2019
12,108,148,4,
12,116,168,634,PART B: EXPLANATORY NOTES PURSUANT TO APPENDIX 9B OF THE LISTING REQUIREMENTS
12,794,168,4,
12,750,170,44,(cont’d)
12,115,204,442,B3.     Prospects for the Financial Year Ending 31 December 2019
12,115,224,4,
12,155,244,647,"As the risk of a full‐blown trade war has materially increased, the outlook for the global economy"
12,155,264,647,"is clouded. Therefore, we foresee the sluggish market conditions will be prolonged and the entire"
12,155,284,647,"semiconductor industry may experience free fall as the telecommunication, automotive and 5G"
12,155,304,414,infrastructure do not see strong momentum up to May 2019.
12,155,325,4,
12,155,345,647,The uncertainty of investment direction and timing of capex spending from our key customers
12,155,365,647,are  expected  to  continue  and  may  adversely  impact  our  Group’s  top  and  bottom‐line  as
12,155,385,647,compared to first half of year 2018. We will endeavour to improve our performance in second
12,155,405,515,"half of year 2019, especially from new customers and for our new products."
12,155,425,4,
12,155,445,647,"In summary, 2019 is seen to be a challenging year for the semiconductor industry which will not"
12,155,466,647,be better than 2018.  Mi Technovation is building efforts to widen our customer base and sector
12,155,486,647,exposure beyond just the semiconductor industry.  We are looking forward to contributions from
12,155,506,647,Mi Autobotics which serves a wider industry range outside the semiconductor industry. We will
12,155,526,647,"continue  to  focus  on  technology  development  and  product  innovation,  along  with  extensive"
12,155,546,647,market  expansion  activities  to  build  stronger  customer  relationships  to  grow  our  business
12,155,566,55,further.
12,156,586,4,
12,116,607,145,B4.     Profit Forecast
12,116,627,4,
12,156,647,550,The Group did not provide any revenue or profit forecast in any public document.
12,115,667,4,
12,115,687,26,B5.
12,160,687,60,Taxation
12,219,689,3,
12,108,707,4,
12,160,727,629,The Group’s taxation together with the comparison between the effective and statutory tax
12,160,749,412,rates for the current quarter under review are set out below:
12,416,784,131,INDIVIDUAL QUARTER
12,605,784,140,CUMULATIVE QUARTER
12,433,804,96,3 months ended
12,627,804,96,3 months ended
12,396,823,75,31‐Mar‐2019
12,493,823,75,31‐Mar‐2018
12,590,823,75,31‐Mar‐2019
12,687,823,75,31‐Mar‐2018
12,409,842,48,RM '000
12,506,842,48,RM '000
12,603,842,48,RM '000
12,701,842,48,RM '000
12,163,861,128,Tax Expense (RM’000)
12,391,861,73,
12,460,861,14,10
12,488,861,73,
12,557,861,14,51
12,585,861,73,
12,654,861,14,10
12,682,861,73,
12,752,861,14,51
12,163,881,132,Deferred Tax (RM’000)
12,392,881,67,
12,455,881,4,‐
12,489,881,67,
12,552,881,4,‐
12,586,881,67,
12,649,881,4,‐
12,683,881,67,
12,747,881,4,‐
12,163,900,153,Withholding Tax (RM’000)
12,391,900,73,
12,460,900,14,15
12,488,900,73,
12,557,900,14,45
12,585,900,73,
12,654,900,14,15
12,682,900,73,
12,752,900,14,45
12,163,919,86,Total (RM’000)
12,391,919,73,
12,460,919,14,25
12,488,919,73,
12,557,919,14,96
12,585,919,73,
12,654,919,14,25
12,682,919,73,
12,752,919,14,96
12,163,938,128,Effective Tax Rate (%)
12,392,938,61,
12,449,938,25,0.36
12,489,938,61,
12,547,938,25,1.43
12,586,938,61,
12,644,938,25,0.36
12,683,938,61,
12,741,938,25,1.43
12,163,958,126,Statutory tax rate (%)
12,391,958,55,
12,443,958,31,24.00
12,488,958,55,
12,540,958,31,24.00
12,585,958,55,
12,637,958,31,24.00
12,682,958,55,
12,734,958,31,24.00
12,108,961,4,
12,773,961,4,
12,115,976,7,
12,160,997,629,The effective tax rate of the Group for the current financial period is lower than the statutory
12,160,1017,629,"tax rate of 24%.  This was mainly due to tax incentive enjoyed by its wholly‐owned subsidiary,"
12,160,1037,189,Mi Equipment (M) Sdn Bhd.
12,108,1057,4,
12,324,1057,4,
12,703,1173,32,11 |
12,734,1173,46,P a g e
12,785,1173,4,
12,108,1193,4,
13,108,56,195,Mi TECHNOVATION BERHAD
13,108,76,591,(FORMERLY KNOWN AS MI EQUIPMENT HOLDINGS BERHAD)
13,108,94,157,(Company No. 1235827 – D)
13,108,111,148,(Incorporated in Malaysia)
13,108,128,453,INTERIM REPORT FOR THE FIRST QUARTER ENDED 31 MARCH 2019
13,108,148,4,
13,105,168,634,PART B: EXPLANATORY NOTES PURSUANT TO APPENDIX 9B OF THE LISTING REQUIREMENTS
13,784,168,4,
13,740,170,44,(cont’d)
13,108,204,26,B5.
13,160,204,117,Taxation (cont’d)
13,277,206,3,
13,115,224,4,
13,160,244,629,Mi Equipment (M) Sdn Bhd is entitled to pioneer status incentives under the Promotion of
13,160,264,629,"Investments Act, 1986 (Amendment) for the design, development and manufacturing of vision"
13,160,284,629,inspection  and  taping  equipment  and  related  components  for  semiconductor  and  solar
13,160,304,629,industries and the profit derived from these activities is exempted from tax for a total relief
13,160,325,629,"period of five (5) years from the manufacturing date, i.e. from 18 January 2014 to 17 January"
13,160,345,397,2019 subject to a further renewal of another five (5) years.
13,160,365,4,
13,160,385,629,Application  for  pioneer  status  renewal  and  extension  for  second  5‐year  period  had  been
13,160,405,629,submitted to Malaysian Investment Development Authority (“MIDA”) on 19 November 2018.
13,160,425,629,Additional information pertaining to the next 5‐year period requested by MIDA subsequently
13,160,445,258,had been furnished in mid May 2019.
13,160,466,4,
13,160,486,629,"While awaiting MIDA’s approval for second 5‐year pioneer period, the Company will ensure"
13,160,506,619,the pioneer conditions are strictly complied with so as not to jeopardize the pioneer status.
13,160,526,4,
13,160,546,629,"Further, Mi Equipment (M) Sdn Bhd has submitted application for pioneer status incentives"
13,160,566,629,for its new product series. Approval‐in‐principle has been granted by MIDA via its letter dated
13,160,586,629,"21 September 2018 for the design, development and manufacturing of die bonding systems"
13,160,607,629,and related modules for semiconductor industry. The profit derived from these activities is
13,160,627,605,exempted from tax for a total relief period of ten (10) years from the manufacturing date.
13,160,647,4,
13,160,667,629,The Company is required to submit application for pioneer status certificate to MIDA within
13,160,687,629,"twenty‐four  (24)  months  of  the  approval  date,  from  which  the  manufacturing  date  will  be"
13,160,707,624,determined thereafter. The application has yet to be submitted as at the date of this report.
13,160,727,4,
13,108,748,26,B6.
13,160,748,208,Status of Corporate Proposals
13,108,768,4,
13,160,768,4,
13,160,788,629,"On 16 April 2019, the Company proposed to seek the authority from its shareholders at the"
13,257,806,11,nd
13,160,808,98,forthcoming  2
13,268,808,520,Annual  General  Meeting  to  be  held  on  11  June  2019  for  the  renewal  of
13,160,828,629,authority to purchase its own shares of up to five percent (5%) of the issued and paid‐up share
13,160,848,163,capital of the Company.
13,160,868,4,
13,160,889,629,"Save for the above, there were no other corporate proposals announced and not completed"
13,160,909,304,as at the date of this interim financial report.
13,160,929,4,
13,108,949,4,
13,108,969,4,
13,160,989,4,
13,108,1009,4,
13,324,1009,4,
13,703,1173,32,12 |
13,734,1173,46,P a g e
13,785,1173,4,
13,108,1193,4,
14,108,56,195,Mi TECHNOVATION BERHAD
14,108,76,591,(FORMERLY KNOWN AS MI EQUIPMENT HOLDINGS BERHAD)
14,108,94,157,(Company No. 1235827 – D)
14,108,111,148,(Incorporated in Malaysia)
14,108,128,453,INTERIM REPORT FOR THE FIRST QUARTER ENDED 31 MARCH 2019
14,108,148,4,
14,108,168,634,PART B: EXPLANATORY NOTES PURSUANT TO APPENDIX 9B OF THE LISTING REQUIREMENTS
14,786,168,4,
14,742,170,44,(cont’d)
14,108,202,26,B7.
14,162,202,306,Utilization of Proceeds from the Public Issue
14,108,222,4,
14,162,242,627,The gross proceeds from the Public Issue of approximately RM190.89 million was intended to
14,162,262,242,be utilized in the following manner:
14,108,282,4,
14,398,324,131,Estimated utilisation
14,412,344,104,timeframe upon
14,637,344,42,Actual
14,702,344,73,Percentage
14,163,364,154,No. Details of utilisation
14,442,364,40,Listing
14,545,364,50,Amount
14,625,364,63,utilisation
14,714,364,47,utilised
14,548,384,46,RM'000
14,634,384,46,RM'000
14,731,384,11,%
14,163,404,12,1)
14,192,404,203,Construction of new factory cum
14,192,426,181,"office in Bayan Lepas, Penang"
14,408,426,108,Within 12 months
14,536,426,33,
14,567,426,39,"65,000"
14,622,426,33,
14,653,426,39,"41,330"
14,725,426,25,64%
14,163,455,12,2)
14,192,455,203,Construction of new factory cum
14,192,477,178,"office in Batu Kawan, Penang"
14,408,477,108,Within 30 months
14,536,477,33,
14,567,477,39,"75,000"
14,622,477,54,
14,673,477,5,‐
14,728,477,18,0%
14,163,507,12,3)
14,192,507,27,R&D
14,408,507,108,Within 24 months
14,535,507,42,
14,574,507,32,"6,000"
14,621,507,42,
14,660,507,33,"1,500"
14,725,507,25,25%
14,163,537,12,4)
14,192,537,95,Working capital
14,408,537,108,Within 36 months
14,536,537,33,
14,567,537,39,"36,788"
14,621,537,42,
14,660,537,33,"1,173"
14,728,537,18,3%
14,163,567,12,5)
14,192,567,164,Estimated listing expenses
14,414,567,95,Within 1 month
14,535,567,42,
14,574,567,32,"8,100"
14,621,567,42,
14,660,567,33,"8,100"
14,721,567,32,100%
14,192,597,31,Total
14,536,602,27,
14,560,602,46,"190,888"
14,622,602,33,
14,653,602,39,"52,103"
14,776,621,4,
14,160,637,4,
14,162,657,627,The utilization of gross proceeds as disclosed above should be read in conjunction with the
14,162,677,326,Prospectus of the Company dated 28 May 2018.
14,160,697,4,
14,108,718,26,B8.
14,162,718,266,Group Borrowings and Debt Securities
14,108,751,4,
14,162,751,350,The detail of the Group’s borrowings are as follows:
14,108,771,4,
14,469,794,67,Unaudited
14,434,814,34,As at
14,537,814,34,As at
14,412,834,79,31‐Mar‐2019
14,514,834,79,31‐Mar‐2018
14,426,855,51,RM '000
14,529,855,51,RM '000
14,165,875,129,Term Loan (Secured)
14,165,895,117,Short term portion
14,406,895,58,
14,461,895,33,"2,377"
14,509,895,58,
14,564,895,33,"1,630"
14,165,916,113,Long term portion
14,406,916,58,
14,461,916,33,"3,642"
14,509,916,58,
14,564,916,33,"6,521"
14,165,936,31,Total
14,406,936,58,
14,461,936,33,"6,019"
14,509,936,58,
14,564,936,33,"8,151"
14,108,948,3,
14,605,948,3,
14,162,962,4,
14,162,982,445,All the Group’s borrowings are denominated in US Dollar (“USD”).
14,108,1001,3,
14,162,1019,627,The  USD  Term  Loan  was  drawn  down  to  partly  replenish  the  Group’s  internally  generated
14,162,1039,627,funds used to finance the purchase of the Bayan Lepas factory land (including the building
14,162,1059,258,which was subsequently demolished).
14,108,1079,4,
14,108,1099,4,
14,108,1119,4,
14,324,1119,4,
14,703,1173,32,13 |
14,734,1173,46,P a g e
14,785,1173,4,
14,108,1193,4,
15,108,56,195,Mi TECHNOVATION BERHAD
15,108,76,591,(FORMERLY KNOWN AS MI EQUIPMENT HOLDINGS BERHAD)
15,108,94,157,(Company No. 1235827 – D)
15,108,111,148,(Incorporated in Malaysia)
15,108,128,453,INTERIM REPORT FOR THE FIRST QUARTER ENDED 31 MARCH 2019
15,108,148,4,
15,108,168,631,PART B: EXPLANATORY NOTES PURSUANT TO APPENDIX 9B OF THE LISTING REQUIREMENTS
15,739,170,50,(cont’d)
15,108,202,26,B9.
15,162,202,134,Material Litigation
15,108,222,4,
15,162,242,627,"As  at  the  date  of  this  interim  financial  report,  the  Group  is  not  engaged  in  any  material"
15,162,262,627,"litigation or arbitration proceedings, either as plaintiff or defendant, and the Directors are not"
15,162,282,627,"aware of any proceedings pending or threatened against the Group, which may materially and"
15,162,302,518,adversely affect the financial position or business performance of the Group.
15,108,323,4,
15,108,343,34,B10.
15,162,343,129,Dividend Declared
15,108,363,4,
15,162,383,488,No dividend was declared for the current quarter ended 31 March 2019.
15,108,403,4,
15,108,423,235,B11.  Earnings Per Share (“EPS”)
15,343,426,3,
15,162,443,4,
15,162,464,618,The basic and diluted EPS for the current quarter and financial period is computed as below:
15,780,466,3,
15,108,484,4,
15,418,505,131,INDIVIDUAL QUARTER
15,607,505,140,CUMULATIVE QUARTER
15,435,525,96,3 months ended
15,629,525,96,3 months ended
15,397,544,75,31‐Mar‐2019
15,494,544,75,31‐Mar‐2018
15,591,544,75,31‐Mar‐2019
15,688,544,75,31‐Mar‐2018
15,411,563,48,RM '000
15,508,563,48,RM '000
15,605,563,48,RM '000
15,702,563,48,RM '000
15,165,587,202,Profit after tax attributable to the
15,165,606,197,owners of the Company (RM’000)
15,393,612,55,
15,444,612,31,"6,870"
15,490,612,55,
15,541,612,31,"6,598"
15,587,612,55,
15,638,612,31,"6,870"
15,684,612,55,
15,735,612,31,"6,598"
15,165,636,177,Weighted average number of
15,165,655,175,ordinary shares in issue (‘000)
15,393,661,41,
15,431,661,45,"500,000"
15,491,661,41,
15,528,661,45,"365,572"
15,588,661,41,
15,625,661,45,"500,000"
15,685,661,41,
15,722,661,45,"365,572"
15,255,680,11,(1)
15,165,684,91,Basic EPS (sen)
15,393,686,61,
15,451,686,25,1.37
15,491,686,61,
15,548,686,25,1.80
15,588,686,61,
15,645,686,25,1.37
15,685,686,61,
15,742,686,25,1.80
15,270,705,11,(2)
15,165,709,105,Diluted EPS (sen)
15,393,711,61,
15,451,711,25,1.37
15,491,711,61,
15,548,711,25,1.80
15,588,711,61,
15,645,711,25,1.37
15,685,711,61,
15,742,711,25,1.80
15,774,723,3,
15,162,736,3,
15,162,752,42,Notes:
15,169,769,18,(1)
15,204,769,570,Basic EPS is calculated by dividing the profit attributable to owners of the parent by the weighted average
15,204,785,445,number of ordinary shares outstanding during the financial period under review.
15,204,802,3,
15,169,818,18,(2)
15,204,818,570,Diluted EPS is equivalent to the basic EPS as the Company does not have any convertible securities as at
15,204,835,248,the end of the financial period under review.
15,204,851,3,
15,108,868,4,
15,108,888,4,
15,324,888,4,
15,703,1173,32,14 |
15,734,1173,46,P a g e
15,785,1173,4,
15,108,1193,4,
16,108,56,195,Mi TECHNOVATION BERHAD
16,108,76,591,(FORMERLY KNOWN AS MI EQUIPMENT HOLDINGS BERHAD)
16,108,94,157,(Company No. 1235827 – D)
16,108,111,148,(Incorporated in Malaysia)
16,108,128,453,INTERIM REPORT FOR THE FIRST QUARTER ENDED 31 MARCH 2019
16,108,148,4,
16,108,168,631,PART B:  EXPLANATORY NOTES PURSUANT TO APPENDIX 9B OF THE LISTING REQUIREMENTS
16,739,170,50,(cont’d)
16,108,202,34,B12.
16,162,202,119,Profit Before Tax
16,108,222,4,
16,108,242,4,
16,162,242,373,Profit before tax is arrived at after charging/(crediting):
16,108,262,4,
16,420,284,133,INDIVIDUAL QUARTER
16,612,284,141,CUMULATIVE QUARTER
16,438,303,97,3 months ended
16,634,303,97,3 months ended
16,400,323,75,31‐Mar‐2019
16,498,323,75,31‐Mar‐2018
16,596,323,75,31‐Mar‐2019
16,694,323,75,31‐Mar‐2018
16,414,342,48,RM '000
16,512,342,48,RM '000
16,610,342,48,RM '000
16,708,342,48,RM '000
16,165,363,95,Interest income
16,396,366,50,
16,443,366,40,"(1,219)"
16,494,366,67,
16,558,366,23,(78)
16,592,366,50,
16,639,366,40,"(1,219)"
16,690,366,67,
16,754,366,23,(78)
16,165,388,101,Interest expense
16,395,391,73,
16,465,391,14,63
16,493,391,73,
16,563,391,14,51
16,591,391,73,
16,661,391,14,63
16,689,391,73,
16,759,391,14,51
16,165,413,215,"Depreciation of property, plant and"
16,165,432,67,equipment
16,396,436,64,
16,458,436,21,545
16,494,436,64,
16,556,436,21,537
16,592,436,64,
16,654,436,21,545
16,690,436,64,
16,752,436,21,537
16,165,456,202,Realised loss on foreign exchange
16,396,456,64,
16,458,456,21,311
16,494,456,64,
16,556,456,21,947
16,592,456,64,
16,654,456,21,311
16,690,456,64,
16,752,456,21,947
16,165,480,216,Unrealised loss on foreign exchange
16,395,480,64,
16,458,480,21,702
16,493,480,56,
16,546,480,32,"2,219"
16,591,480,64,
16,654,480,21,702
16,689,480,56,
16,742,480,32,"2,219"
16,108,483,4,
16,781,483,4,
16,108,498,1,
16,116,516,4,
16,163,516,629,"Save  as  disclosed  above,  the  other  disclosure  items  pursuant  to  Paragraph  16,  Part  A  of"
16,163,537,405,Appendix 9B of the Listing Requirements are not applicable.
16,108,557,4,
16,108,577,4,
16,108,597,4,
16,108,617,180,BY ORDER OF THE BOARD
16,108,637,92,23 May 2019
16,703,1173,32,15 |
16,734,1173,46,P a g e
16,785,1173,4,
16,108,1193,4,
